{
  "netlist": "c00000042__nmos__vg_1_0.cir",
  "derived_metrics": {
    "gain_db": -29.6162,
    "power": 0.000626402,
    "F_BW": 16.7478,
    "S11_db": -0.03716396470537834,
    "NF_db": 117.86406060258142
  }
}
