{
  "netlist": "c00000042__nmos__vg_1_0.cir",
  "returncode": 0,
  "log": "ngspice.log.txt",
  "priority": {
    "requested": "high",
    "applied": false,
    "message": "could not set process priority to high (nice -10): [Errno 13] Permission denied"
  },
  "timeout_seconds": 120.0,
  "timed_out": false,
  "measures": {
    "idd": 0.000348001,
    "pdc": 0.000626402,
    "gain_db": -29.6162,
    "f_3db_low": 1758320000.0,
    "f_3db_high": 2595710000.0,
    "vin_re": 0.982896,
    "vin_im": -0.121165,
    "iin_re": -0.000342074,
    "iin_im": -0.0024233,
    "vout_re": -0.0326353,
    "vout_im": -0.00250642,
    "vin_mag": 0.990337,
    "iin_mag": 0.00244733,
    "vout_mag": 0.0327319,
    "zin_re": 7.11149,
    "zin_im": -404.608,
    "inoise_total": 5.068246e-07,
    "onoise_total": 5.700409e-10,
    "gm_dc": 0.00188328,
    "gmb_dc": 0.000364881,
    "gds_dc": 3.2844e-05,
    "ro_dc": 30446.961393252954
  }
}
