{
  "netlist": "c00000043__nmos_lvt__vg_0_8.cir",
  "derived_metrics": {
    "gain_db": -42.5493,
    "power": 0.000346271,
    "F_BW": 180.05552,
    "S11_db": -0.4806173575395327,
    "NF_db": 136.0506619086725
  }
}
