{
  "cost": -758127.0485278873,
  "measures": {
    "f_3db_high": 8458617000.0,
    "f_3db_low": 1820386000.0,
    "gain_db": 0.502197,
    "idd": 0.00116825,
    "iin_im": -0.001510906,
    "iin_re": -0.0003778116,
    "in_noise": 2.35175e-18,
    "inoise_total": 1.407932e-08,
    "onoise_total": 1.202613e-08,
    "out_noise": 2.55637e-18,
    "pdc": 0.00210286,
    "vin_im": -0.07554529,
    "vin_re": 0.9811094,
    "vout_im": -0.681395,
    "vout_re": -0.7890665
  },
  "metrics": {
    "NF": 2.5590436437396367,
    "NF_db": 4.080776927155025,
    "band_width_hz": 6638231000.0,
    "f_band_width": 276.59295833333334,
    "gain_db": 0.502197,
    "idd": 0.00116825,
    "inoise_total": 1.407932e-08,
    "onoise_total": 1.202613e-08,
    "pdc": 0.00210286,
    "s11_db": -0.22874092432984644,
    "zin_abs": 631.8200814085018,
    "zin_imag": -622.9053965449358,
    "zin_real": 105.7614401672087
  },
  "netlist": "runs/run_0008/rf_lna.cir",
  "run": 8,
  "x": {
    "l": 0.15,
    "ld": 5.599882258704624e-09,
    "lg": 8e-09,
    "ls": 1.5e-09,
    "vg": 0.75,
    "w": 62.08504277844339
  }
}