{
  "cost": -333661.53346181894,
  "measures": {
    "f_3db_high": 6194108000.0,
    "f_3db_low": 1780296000.0,
    "gain_db": 4.51269,
    "idd": 0.00188314,
    "iin_im": -0.002472004,
    "iin_re": -0.001279098,
    "in_noise": 1.69963e-18,
    "inoise_total": 6.911509e-09,
    "onoise_total": 1.178622e-08,
    "out_noise": 4.28271e-18,
    "pdc": 0.00338966,
    "vin_im": -0.1236002,
    "vin_re": 0.9360451,
    "vout_im": -0.5208646,
    "vout_re": -1.499458
  },
  "metrics": {
    "NF": 1.889328260511171,
    "NF_db": 2.7630742078220862,
    "band_width_hz": 4413812000.0,
    "f_band_width": 183.90883333333332,
    "gain_db": 4.51269,
    "idd": 0.00188314,
    "inoise_total": 6.911509e-09,
    "onoise_total": 1.178622e-08,
    "pdc": 0.00338966,
    "s11_db": -0.8531348149884832,
    "zin_abs": 339.22391232515787,
    "zin_imag": -319.09608303018143,
    "zin_real": 115.11104416163526
  },
  "netlist": "runs/run_0001/rf_lna.cir",
  "run": 1,
  "x": {
    "l": 0.15,
    "ld": 6e-09,
    "lg": 8e-09,
    "ls": 1.5e-09,
    "vg": 0.75,
    "w": 100.0
  }
}