{
  "netlist": "c00000017__nmos__vg_0_7.cir",
  "derived_metrics": {
    "gain_db": -45.0678,
    "power": 4.33689e-05,
    "F_BW": 109.4058,
    "S11_db": -0.04771820445622141,
    "NF_db": 135.26668357022845
  }
}
