{
  "netlist": "c00000008__nmos__vg_1_0.cir",
  "derived_metrics": {
    "gain_db": -22.2965,
    "power": 0.00114464,
    "F_BW": 87.815,
    "S11_db": -0.75452310482433,
    "NF_db": 118.61291144441408
  }
}
