{
  "netlist": "c00000008__nmos__vg_1_0.cir",
  "returncode": 0,
  "log": "ngspice.log.txt",
  "priority": {
    "requested": "high",
    "applied": false,
    "message": "could not set process priority to high (nice -10): [Errno 13] Permission denied"
  },
  "timeout_seconds": 120.0,
  "timed_out": false,
  "measures": {
    "idd": 0.000635909,
    "pdc": 0.00114464,
    "gain_db": -22.2965,
    "f_3db_low": 1657330000.0,
    "f_3db_high": 6048080000.0,
    "vin_re": 0.957038,
    "vin_im": -0.0352988,
    "iin_re": -0.000859238,
    "iin_im": -0.000705975,
    "vout_re": -0.0637308,
    "vout_im": 0.036641,
    "vin_mag": 0.957689,
    "iin_mag": 0.00111208,
    "vout_mag": 0.0735189,
    "zin_re": 644.773,
    "zin_im": -570.935,
    "inoise_total": 6.022028e-07,
    "onoise_total": 3.534356e-09,
    "gm_dc": 0.00334847,
    "gmb_dc": 0.000638561,
    "gds_dc": 6.08549e-05,
    "ro_dc": 16432.530494668466
  }
}
