{
  "netlist": "c00000030__nmos__vg_1_0.cir",
  "derived_metrics": {
    "gain_db": -26.5651,
    "power": 0.00104759,
    "F_BW": 42.1754,
    "S11_db": -0.3190477035060105,
    "NF_db": 115.63463452723016
  }
}
