{
  "netlist": "c00000030__nmos__vg_1_0.cir",
  "returncode": 0,
  "log": "ngspice.log.txt",
  "priority": {
    "requested": "high",
    "applied": false,
    "message": "could not set process priority to high (nice -10): [Errno 13] Permission denied"
  },
  "timeout_seconds": 120.0,
  "timed_out": false,
  "measures": {
    "idd": 0.000581995,
    "pdc": 0.00104759,
    "gain_db": -26.5651,
    "f_3db_low": 1404390000.0,
    "f_3db_high": 3513160000.0,
    "vin_re": 0.981468,
    "vin_im": -0.0219241,
    "iin_re": -0.000370631,
    "iin_im": -0.000438482,
    "vout_re": -0.0438001,
    "vout_im": 0.0143865,
    "vin_mag": 0.981713,
    "iin_mag": 0.000574138,
    "vout_mag": 0.0461029,
    "zin_re": 1074.4,
    "zin_im": -1330.22,
    "inoise_total": 3.033298e-07,
    "onoise_total": 1.895639e-09,
    "gm_dc": 0.00298047,
    "gmb_dc": 0.000574795,
    "gds_dc": 4.92365e-05,
    "ro_dc": 20310.135773257643
  }
}
