{
  "netlist": "c00000038__nmos__vg_0_9.cir",
  "derived_metrics": {
    "gain_db": -17.2032,
    "power": 0.00116361,
    "F_BW": 29.11,
    "S11_db": -1.0678502375006143,
    "NF_db": 108.16595513021541
  }
}
