{
  "netlist": "c00000038__nmos__vg_0_9.cir",
  "returncode": 0,
  "log": "ngspice.log.txt",
  "priority": {
    "requested": "high",
    "applied": false,
    "message": "could not set process priority to high (nice -10): [Errno 13] Permission denied"
  },
  "timeout_seconds": 120.0,
  "timed_out": false,
  "measures": {
    "idd": 0.000646451,
    "pdc": 0.00116361,
    "gain_db": -17.2032,
    "f_3db_low": 4650380000.0,
    "f_3db_high": 6105880000.0,
    "vin_re": 0.937674,
    "vin_im": -0.0628107,
    "iin_re": -0.00124652,
    "iin_im": -0.00125621,
    "vout_re": 0.0247654,
    "vout_im": -0.127298,
    "vin_mag": 0.939776,
    "iin_mag": 0.0017698,
    "vout_mag": 0.129711,
    "zin_re": 347.931,
    "zin_im": -401.25,
    "inoise_total": 5.433093e-08,
    "onoise_total": 1.130049e-09,
    "gm_dc": 0.00450701,
    "gmb_dc": 0.000872457,
    "gds_dc": 7.47821e-05,
    "ro_dc": 13372.183985205016
  }
}
