{
  "netlist": "c00000037__nmos_lvt__vg_0_7.cir",
  "derived_metrics": {
    "gain_db": -35.8338,
    "power": 0.000154429,
    "F_BW": 38.1816,
    "S11_db": -0.04661402911945962,
    "NF_db": 125.8868625734952
  }
}
