{
  "netlist": "c00000037__nmos_lvt__vg_0_7.cir",
  "returncode": 0,
  "log": "ngspice.log.txt",
  "priority": {
    "requested": "high",
    "applied": false,
    "message": "could not set process priority to high (nice -10): [Errno 13] Permission denied"
  },
  "timeout_seconds": 120.0,
  "timed_out": false,
  "measures": {
    "idd": 8.57941e-05,
    "pdc": 0.000154429,
    "gain_db": -35.8338,
    "f_3db_low": 1714130000.0,
    "f_3db_high": 3623210000.0,
    "vin_re": 0.983036,
    "vin_im": -0.118351,
    "iin_re": -0.000339274,
    "iin_im": -0.00236702,
    "vout_re": -0.0159722,
    "vout_im": 0.000860897,
    "vin_mag": 0.990135,
    "iin_mag": 0.00239121,
    "vout_mag": 0.0159958,
    "zin_re": 9.33379,
    "zin_im": -413.978,
    "inoise_total": 3.214681e-06,
    "onoise_total": 1.360787e-09,
    "gm_dc": 0.000866984,
    "gmb_dc": 0.00013396,
    "gds_dc": 1.74687e-05,
    "ro_dc": 57245.24435132551
  }
}
