{
  "netlist": "c00000018__nmos__vg_0_7.cir",
  "derived_metrics": {
    "gain_db": -40.5974,
    "power": 4.33689e-05,
    "F_BW": 40.5676,
    "S11_db": -0.5816428138872771,
    "NF_db": 132.46577132045041
  }
}
