{
  "netlist": "c00000044__nmos__vg_1_0.cir",
  "derived_metrics": {
    "gain_db": -19.4016,
    "power": 0.00114463,
    "F_BW": 83.8146,
    "S11_db": -0.7696752206055081,
    "NF_db": 115.54680464424253
  }
}
