{
  "netlist": "c00000004__nmos_lvt__vg_0_9.cir",
  "derived_metrics": {
    "gain_db": -18.8403,
    "power": 0.000815327,
    "F_BW": 75.0294,
    "S11_db": -0.32004074835590396,
    "NF_db": 115.93915069498108
  }
}
