{
  "cost": -756068.9576445549,
  "measures": {
    "f_3db_high": 8387760000.0,
    "f_3db_low": 1758489000.0,
    "gain_db": 0.6875254,
    "idd": 0.00116825,
    "iin_im": -0.001506077,
    "iin_re": -0.000421058,
    "in_noise": 2.40226e-18,
    "inoise_total": 1.413248e-08,
    "onoise_total": 1.216333e-08,
    "out_noise": 2.71306e-18,
    "pdc": 0.00210286,
    "vin_im": -0.07530383,
    "vin_re": 0.9789471,
    "vout_im": -0.6105436,
    "vout_re": -0.8697964
  },
  "metrics": {
    "NF": 2.572177769572748,
    "NF_db": 4.1030098045612755,
    "band_width_hz": 6629271000.0,
    "f_band_width": 276.219625,
    "gain_db": 0.6875254,
    "idd": 0.00116825,
    "inoise_total": 1.413248e-08,
    "onoise_total": 1.216333e-08,
    "pdc": 0.00210286,
    "s11_db": -0.2675944235591706,
    "zin_abs": 627.8434625011208,
    "zin_imag": -615.8419197818582,
    "zin_real": 122.1725961285576
  },
  "netlist": "runs/run_0003/rf_lna.cir",
  "run": 3,
  "x": {
    "l": 0.15,
    "ld": 6e-09,
    "lg": 8e-09,
    "ls": 1.5e-09,
    "vg": 0.75,
    "w": 62.08504277844339
  }
}