{
  "cost": -773256.5517510688,
  "measures": {
    "f_3db_high": 8336815000.0,
    "f_3db_low": 1632871000.0,
    "gain_db": 0.7971559,
    "idd": 0.00116825,
    "iin_im": -0.001478337,
    "iin_re": -0.0004898955,
    "in_noise": 2.5079e-18,
    "inoise_total": 1.466267e-08,
    "onoise_total": 1.257159e-08,
    "out_noise": 2.88373e-18,
    "pdc": 0.00210286,
    "vin_im": -0.07391685,
    "vin_re": 0.9755052,
    "vout_im": -0.4571688,
    "vout_re": -0.9699785
  },
  "metrics": {
    "NF": 2.6389493605114622,
    "NF_db": 4.21431056509763,
    "band_width_hz": 6703944000.0,
    "f_band_width": 279.331,
    "gain_db": 0.7971559,
    "idd": 0.00116825,
    "inoise_total": 1.466267e-08,
    "onoise_total": 1.257159e-08,
    "pdc": 0.00210286,
    "s11_db": -0.3325973960895037,
    "zin_abs": 628.1655589012349,
    "zin_imag": -609.5033771597848,
    "zin_real": 151.97895453159964
  },
  "netlist": "runs/run_0007/rf_lna.cir",
  "run": 7,
  "x": {
    "l": 0.15,
    "ld": 6.806422274751015e-09,
    "lg": 8e-09,
    "ls": 1.5e-09,
    "vg": 0.75,
    "w": 62.08504277844339
  }
}