{
  "netlist": "c00000041__nmos__vg_0_7.cir",
  "derived_metrics": {
    "gain_db": -44.959,
    "power": 8.02699e-05,
    "F_BW": 129.1972,
    "S11_db": -0.04221155204191813,
    "NF_db": 137.9679555433103
  }
}
