{
  "netlist": "c00000041__nmos__vg_0_7.cir",
  "returncode": 0,
  "log": "ngspice.log.txt",
  "priority": {
    "requested": "high",
    "applied": false,
    "message": "could not set process priority to high (nice -10): [Errno 13] Permission denied"
  },
  "timeout_seconds": 120.0,
  "timed_out": false,
  "measures": {
    "idd": 4.45944e-05,
    "pdc": 8.02699e-05,
    "gain_db": -44.959,
    "f_3db_low": 3540140000.0,
    "vin_re": 0.982611,
    "vin_im": -0.121115,
    "iin_re": -0.000347787,
    "iin_im": -0.0024223,
    "vout_re": 0.00300767,
    "vout_im": -0.00472029,
    "vin_mag": 0.990047,
    "iin_mag": 0.00244714,
    "vout_mag": 0.00559762,
    "zin_re": 8.07647,
    "zin_im": -404.506,
    "inoise_total": 5.190954e-05,
    "onoise_total": 3.153237e-09,
    "gm_dc": 0.000623385,
    "gmb_dc": 0.000124433,
    "gds_dc": 9.30506e-06,
    "ro_dc": 107468.40966098015
  }
}
