{
  "netlist": "c00000023__nmos__vg_0_9.cir",
  "derived_metrics": {
    "gain_db": -16.0912,
    "power": 0.000593016,
    "F_BW": 61.3674,
    "S11_db": -0.6790326344040118,
    "NF_db": 111.67078693647169
  }
}
