{
  "netlist": "c00000023__nmos__vg_0_9.cir",
  "returncode": 0,
  "log": "ngspice.log.txt",
  "priority": {
    "requested": "high",
    "applied": false,
    "message": "could not set process priority to high (nice -10): [Errno 13] Permission denied"
  },
  "timeout_seconds": 120.0,
  "timed_out": false,
  "measures": {
    "idd": 0.000329453,
    "pdc": 0.000593016,
    "gain_db": -16.0912,
    "f_3db_low": 2965730000.0,
    "f_3db_high": 6034100000.0,
    "vin_re": 0.961573,
    "vin_im": -0.0276542,
    "iin_re": -0.000768542,
    "iin_im": -0.000553083,
    "vout_re": -0.146016,
    "vout_im": 0.0379145,
    "vin_mag": 0.96197,
    "iin_mag": 0.000946871,
    "vout_mag": 0.150872,
    "zin_re": 807.215,
    "zin_im": -616.938,
    "inoise_total": 1.217672e-07,
    "onoise_total": 3.504977e-09,
    "gm_dc": 0.002334,
    "gmb_dc": 0.000453149,
    "gds_dc": 3.53009e-05,
    "ro_dc": 28327.889657204207
  }
}
