{
  "netlist": "c00000039__nmos__vg_0_8.cir",
  "derived_metrics": {
    "gain_db": -39.0501,
    "power": 0.000381196,
    "F_BW": 177.7804,
    "S11_db": -0.04065572972949416,
    "NF_db": 132.4518375406702
  }
}
