{
  "netlist": "c00000039__nmos__vg_0_8.cir",
  "returncode": 0,
  "log": "ngspice.log.txt",
  "priority": {
    "requested": "high",
    "applied": false,
    "message": "could not set process priority to high (nice -10): [Errno 13] Permission denied"
  },
  "timeout_seconds": 120.0,
  "timed_out": false,
  "measures": {
    "idd": 0.000211775,
    "pdc": 0.000381196,
    "gain_db": -39.0501,
    "f_3db_low": 1110980000.0,
    "vin_re": 0.983451,
    "vin_im": -0.118091,
    "iin_re": -0.000330974,
    "iin_im": -0.00236181,
    "vout_re": -0.0104646,
    "vout_im": -0.00356549,
    "vin_mag": 0.990516,
    "iin_mag": 0.00238489,
    "vout_mag": 0.0110591,
    "zin_re": 8.19195,
    "zin_im": -415.261,
    "inoise_total": 1.45759e-05,
    "onoise_total": 6.85499e-09,
    "gm_dc": 0.00213572,
    "gmb_dc": 0.000326466,
    "gds_dc": 6.91092e-05,
    "ro_dc": 14469.853507203092
  }
}
