{
  "netlist": "c00000001__nmos__vg_0_7.cir",
  "derived_metrics": {
    "gain_db": -41.0577,
    "power": 4.33689e-05,
    "F_BW": 108.5368,
    "S11_db": -0.49686092592953424,
    "NF_db": 132.51853223224737
  }
}
