{
  "netlist": "c00000035__nmos__vg_0_7.cir",
  "derived_metrics": {
    "gain_db": -36.334,
    "power": 0.000119208,
    "F_BW": 41.0126,
    "S11_db": -0.26085672831648704,
    "NF_db": 125.06028510839158
  }
}
