{
  "netlist": "c00000032__nmos_lvt__vg_0_9.cir",
  "derived_metrics": {
    "gain_db": -30.1519,
    "power": 0.000601169,
    "F_BW": 11.546,
    "S11_db": -0.04899201734286063,
    "NF_db": 118.08034657925171
  }
}
