{
  "cost": -762588.1878617877,
  "measures": {
    "f_3db_high": 8290968000.0,
    "f_3db_low": 1633171000.0,
    "gain_db": 0.8736724,
    "idd": 0.00117917,
    "iin_im": -0.001493323,
    "iin_re": -0.0005004301,
    "in_noise": 2.48847e-18,
    "inoise_total": 1.458668e-08,
    "onoise_total": 1.262476e-08,
    "out_noise": 2.90946e-18,
    "pdc": 0.0021225,
    "vin_im": -0.07466615,
    "vin_re": 0.9749785,
    "vout_im": -0.4567473,
    "vout_re": -0.9800825
  },
  "metrics": {
    "NF": 2.6434693568019885,
    "NF_db": 4.221742804120444,
    "band_width_hz": 6657797000.0,
    "f_band_width": 277.40820833333333,
    "gain_db": 0.8736724,
    "idd": 0.00117917,
    "inoise_total": 1.458668e-08,
    "onoise_total": 1.262476e-08,
    "pdc": 0.0021225,
    "s11_db": -0.33990491827195013,
    "zin_abs": 620.8692553825335,
    "zin_imag": -602.0386218548387,
    "zin_real": 151.75022265020974
  },
  "netlist": "runs/run_0009/rf_lna.cir",
  "run": 9,
  "x": {
    "l": 0.15,
    "ld": 6.806422274751015e-09,
    "lg": 8e-09,
    "ls": 1.5e-09,
    "vg": 0.75,
    "w": 62.66389586381514
  }
}