{
  "cost": -771305.3337936648,
  "measures": {
    "f_3db_high": 8337427000.0,
    "f_3db_low": 1641840000.0,
    "gain_db": 0.797939,
    "idd": 0.00116825,
    "iin_im": -0.001480873,
    "iin_re": -0.0004856965,
    "in_noise": 2.50015e-18,
    "inoise_total": 1.474529e-08,
    "onoise_total": 1.259274e-08,
    "out_noise": 2.87675e-18,
    "pdc": 0.00210286,
    "vin_im": -0.07404366,
    "vin_re": 0.9757152,
    "vout_im": -0.4682334,
    "vout_re": -0.9650598
  },
  "metrics": {
    "NF": 2.657131419960638,
    "NF_db": 4.244130348589974,
    "band_width_hz": 6695587000.0,
    "f_band_width": 278.9827916666667,
    "gain_db": 0.797939,
    "idd": 0.00116825,
    "inoise_total": 1.474529e-08,
    "onoise_total": 1.259274e-08,
    "pdc": 0.00210286,
    "s11_db": -0.3285020181818784,
    "zin_abs": 627.8652174501282,
    "zin_imag": -609.6922964646253,
    "zin_real": 149.96677937259366
  },
  "netlist": "runs/run_0005/rf_lna.cir",
  "run": 5,
  "x": {
    "l": 0.15,
    "ld": 6.747040243755526e-09,
    "lg": 8e-09,
    "ls": 1.5e-09,
    "vg": 0.75,
    "w": 62.08504277844339
  }
}