{
  "netlist": "c00000033__nmos__vg_1_0.cir",
  "derived_metrics": {
    "gain_db": -22.3984,
    "power": 0.00104237,
    "F_BW": 58.7766,
    "S11_db": -0.6141981737761288,
    "NF_db": 114.62270515846824
  }
}
