{
  "netlist": "c00000033__nmos__vg_1_0.cir",
  "returncode": 0,
  "log": "ngspice.log.txt",
  "priority": {
    "requested": "high",
    "applied": false,
    "message": "could not set process priority to high (nice -10): [Errno 13] Permission denied"
  },
  "timeout_seconds": 120.0,
  "timed_out": false,
  "measures": {
    "idd": 0.000579095,
    "pdc": 0.00104237,
    "gain_db": -22.3984,
    "f_3db_low": 2379310000.0,
    "f_3db_high": 5318140000.0,
    "vin_re": 0.965616,
    "vin_im": -0.015224,
    "iin_re": -0.000687676,
    "iin_im": -0.000304481,
    "vout_re": -0.0508634,
    "vout_im": 0.0527707,
    "vin_mag": 0.965736,
    "iin_mag": 0.000752069,
    "vout_mag": 0.0732953,
    "zin_re": 1165.82,
    "zin_im": -538.324,
    "inoise_total": 2.402825e-07,
    "onoise_total": 2.664321e-09,
    "gm_dc": 0.00297481,
    "gmb_dc": 0.00057346,
    "gds_dc": 4.91174e-05,
    "ro_dc": 20359.383843607357
  }
}
