{
  "netlist": "c00000031__nmos__vg_0_9.cir",
  "derived_metrics": {
    "gain_db": -31.2991,
    "power": 0.000840378,
    "F_BW": 163.1556,
    "S11_db": -0.044313492079348385,
    "NF_db": 125.25899411338844
  }
}
