{
  "netlist": "c00000031__nmos__vg_0_9.cir",
  "returncode": 0,
  "log": "ngspice.log.txt",
  "priority": {
    "requested": "high",
    "applied": false,
    "message": "could not set process priority to high (nice -10): [Errno 13] Permission denied"
  },
  "timeout_seconds": 120.0,
  "timed_out": false,
  "measures": {
    "idd": 0.000466877,
    "pdc": 0.000840378,
    "gain_db": -31.2991,
    "f_3db_low": 1842220000.0,
    "vin_re": 0.983295,
    "vin_im": -0.117847,
    "iin_re": -0.000334099,
    "iin_im": -0.00235695,
    "vout_re": -0.0218402,
    "vout_im": -0.015832,
    "vin_mag": 0.990332,
    "iin_mag": 0.00238051,
    "vout_mag": 0.0269851,
    "zin_re": 8.95735,
    "zin_im": -415.932,
    "inoise_total": 2.781961e-06,
    "onoise_total": 7.130172e-09,
    "gm_dc": 0.00323915,
    "gmb_dc": 0.000481666,
    "gds_dc": 0.000111422,
    "ro_dc": 8974.88826264113
  }
}
