{
  "netlist": "c00000047__nmos__vg_0_9.cir",
  "derived_metrics": {
    "gain_db": -25.505,
    "power": 0.000592996,
    "F_BW": 89.7316,
    "S11_db": -0.6498624706613483,
    "NF_db": 121.53928430097346
  }
}
