{
  "cost": -743114.0147077957,
  "measures": {
    "f_3db_high": 8331429000.0,
    "f_3db_low": 1758872000.0,
    "gain_db": 0.7821575,
    "idd": 0.00118169,
    "iin_im": -0.001525615,
    "iin_re": -0.0004327074,
    "in_noise": 2.38049e-18,
    "inoise_total": 1.404926e-08,
    "onoise_total": 1.222655e-08,
    "out_noise": 2.74488e-18,
    "pdc": 0.00212705,
    "vin_im": -0.07628075,
    "vin_re": 0.9783646,
    "vout_im": -0.6121718,
    "vout_re": -0.8821817
  },
  "metrics": {
    "NF": 2.579095730704794,
    "NF_db": 4.114674625509799,
    "band_width_hz": 6572557000.0,
    "f_band_width": 273.85654166666666,
    "gain_db": 0.7821575,
    "idd": 0.00118169,
    "inoise_total": 1.404926e-08,
    "onoise_total": 1.222655e-08,
    "pdc": 0.00212705,
    "s11_db": -0.2751672612797274,
    "zin_abs": 618.8287619284064,
    "zin_imag": -606.6698275300058,
    "zin_real": 122.06865672463712
  },
  "netlist": "runs/run_0004/rf_lna.cir",
  "run": 4,
  "x": {
    "l": 0.15,
    "ld": 6e-09,
    "lg": 8e-09,
    "ls": 1.5e-09,
    "vg": 0.75,
    "w": 62.79788240852039
  }
}