{
  "cost": -444933.5174568972,
  "measures": {
    "f_3db_high": 6864095000.0,
    "f_3db_low": 1771924000.0,
    "gain_db": 3.327779,
    "idd": 0.00161768,
    "iin_im": -0.00213862,
    "iin_re": -0.0009064047,
    "in_noise": 1.88276e-18,
    "inoise_total": 8.652693e-09,
    "onoise_total": 1.197958e-08,
    "out_noise": 3.73814e-18,
    "pdc": 0.00291183,
    "vin_im": -0.106931,
    "vin_re": 0.9546798,
    "vout_im": -0.5938808,
    "vout_re": -1.277839
  },
  "metrics": {
    "NF": 2.0502021745136934,
    "NF_db": 3.1179668981005104,
    "band_width_hz": 5092171000.0,
    "f_band_width": 212.17379166666666,
    "gain_db": 3.327779,
    "idd": 0.00161768,
    "inoise_total": 8.652693e-09,
    "onoise_total": 1.197958e-08,
    "pdc": 0.00291183,
    "s11_db": -0.5914910142714652,
    "zin_abs": 413.5791546942663,
    "zin_imag": -396.3883295747622,
    "zin_real": 118.00003972267795
  },
  "netlist": "runs/run_0002/rf_lna.cir",
  "run": 2,
  "x": {
    "l": 0.15,
    "ld": 6e-09,
    "lg": 8e-09,
    "ls": 1.5e-09,
    "vg": 0.75,
    "w": 85.92125525700794
  }
}