{
  "netlist": "c00000027__nmos__vg_0_8.cir",
  "derived_metrics": {
    "gain_db": -33.2165,
    "power": 0.000261656,
    "F_BW": 112.3926,
    "S11_db": -0.0857344935848092,
    "NF_db": 129.85705846674736
  }
}
