{
  "netlist": "c00000027__nmos__vg_0_8.cir",
  "returncode": 0,
  "log": "ngspice.log.txt",
  "priority": {
    "requested": "high",
    "applied": false,
    "message": "could not set process priority to high (nice -10): [Errno 13] Permission denied"
  },
  "timeout_seconds": 120.0,
  "timed_out": false,
  "measures": {
    "idd": 0.000145364,
    "pdc": 0.000261656,
    "gain_db": -33.2165,
    "f_3db_low": 1498370000.0,
    "f_3db_high": 7118000000.0,
    "vin_re": 0.979396,
    "vin_im": -0.123665,
    "iin_re": -0.000412089,
    "iin_im": -0.0024733,
    "vout_re": -0.0178519,
    "vout_im": 0.0120814,
    "vin_mag": 0.987172,
    "iin_mag": 0.0025074,
    "vout_mag": 0.021556,
    "zin_re": 15.5442,
    "zin_im": -393.407,
    "inoise_total": 8.019688e-06,
    "onoise_total": 4.578471e-09,
    "gm_dc": 0.00147685,
    "gmb_dc": 0.000290809,
    "gds_dc": 2.12606e-05,
    "ro_dc": 47035.36118453853
  }
}
