{
  "netlist": "c00000007__nmos_lvt__vg_1_0.cir",
  "derived_metrics": {
    "gain_db": -27.3756,
    "power": 0.00119868,
    "F_BW": 126.6276,
    "S11_db": -0.31482145581135046,
    "NF_db": 125.2006129415072
  }
}
