{
  "netlist": "c00000007__nmos_lvt__vg_1_0.cir",
  "returncode": 0,
  "log": "ngspice.log.txt",
  "priority": {
    "requested": "high",
    "applied": false,
    "message": "could not set process priority to high (nice -10): [Errno 13] Permission denied"
  },
  "timeout_seconds": 120.0,
  "timed_out": false,
  "measures": {
    "idd": 0.000665932,
    "pdc": 0.00119868,
    "gain_db": -27.3756,
    "f_3db_low": 1451600000.0,
    "f_3db_high": 7782980000.0,
    "vin_re": 0.982076,
    "vin_im": -0.0110383,
    "iin_re": -0.000358489,
    "iin_im": -0.000220766,
    "vout_re": -0.0411621,
    "vout_im": 0.00841398,
    "vin_mag": 0.982138,
    "iin_mag": 0.000421013,
    "vout_mag": 0.0420137,
    "zin_re": 1972.49,
    "zin_im": -1245.49,
    "inoise_total": 2.744814e-06,
    "onoise_total": 5.181232e-09,
    "gm_dc": 0.00235478,
    "gmb_dc": 0.000259106,
    "gds_dc": 0.000112132,
    "ro_dc": 8918.060856847287
  }
}
