{
  "netlist": "c00000009__nmos__vg_0_9.cir",
  "derived_metrics": {
    "gain_db": -39.5469,
    "power": 0.000590634,
    "F_BW": 178.9132,
    "S11_db": -0.03936432904529579,
    "NF_db": 132.47419199422407
  }
}
