{
  "netlist": "c00000009__nmos__vg_0_9.cir",
  "returncode": 0,
  "log": "ngspice.log.txt",
  "priority": {
    "requested": "high",
    "applied": false,
    "message": "could not set process priority to high (nice -10): [Errno 13] Permission denied"
  },
  "timeout_seconds": 120.0,
  "timed_out": false,
  "measures": {
    "idd": 0.00032813,
    "pdc": 0.000590634,
    "gain_db": -39.5469,
    "f_3db_low": 1054340000.0,
    "vin_re": 0.9832,
    "vin_im": -0.119422,
    "iin_re": -0.000335992,
    "iin_im": -0.00238844,
    "vout_re": -0.010086,
    "vout_im": -0.00268537,
    "vin_mag": 0.990427,
    "iin_mag": 0.00241196,
    "vout_mag": 0.0104432,
    "zin_re": 7.7563,
    "zin_im": -410.571,
    "inoise_total": 1.465112e-05,
    "onoise_total": 7.015661e-09,
    "gm_dc": 0.00232947,
    "gmb_dc": 0.000452184,
    "gds_dc": 3.52249e-05,
    "ro_dc": 28389.008911309895
  }
}
