{
  "netlist": "c00000040__nmos__vg_1_0.cir",
  "derived_metrics": {
    "gain_db": -20.3781,
    "power": 0.00104769,
    "F_BW": 79.292,
    "S11_db": -0.2823449149486115,
    "NF_db": 115.41198346136628
  }
}
