{
  "netlist": "c00000040__nmos__vg_1_0.cir",
  "returncode": 0,
  "log": "ngspice.log.txt",
  "priority": {
    "requested": "high",
    "applied": false,
    "message": "could not set process priority to high (nice -10): [Errno 13] Permission denied"
  },
  "timeout_seconds": 120.0,
  "timed_out": false,
  "measures": {
    "idd": 0.000582051,
    "pdc": 0.00104769,
    "gain_db": -20.3781,
    "f_3db_low": 4675850000.0,
    "f_3db_high": 8640450000.0,
    "vin_re": 0.983465,
    "vin_im": -0.0229181,
    "iin_re": -0.000330693,
    "iin_im": -0.000458363,
    "vout_re": 0.0468811,
    "vout_im": -0.0817074,
    "vin_mag": 0.983732,
    "iin_mag": 0.000565204,
    "vout_mag": 0.0942118,
    "zin_re": 985.231,
    "zin_im": -1434.84,
    "inoise_total": 2.881708e-07,
    "onoise_total": 3.569434e-09,
    "gm_dc": 0.00298064,
    "gmb_dc": 0.000574793,
    "gds_dc": 4.92425e-05,
    "ro_dc": 20307.66106513682
  }
}
